,COST
0,35.18
1,15.9
2,25.26
3,16.51
4,14.19
5,22.73
6,32.06
7,27.34
8,20.37
9,22.02
10,16.47
11,13.69
12,43.62
13,49.57
14,29.58
15,26.16
16,19.69
17,18.56
18,12.3
19,12.26
20,24.25
21,26.61
22,39.15
23,15.03
24,18.47
25,15.11
26,35.22
27,34.52
28,25.07
29,19.33
30,13.16
31,46.45
32,27.78
33,32.94
34,21.66
35,23.44
36,33.87
37,11.13
38,14.57
39,43.77
40,24.75
41,22.9
42,17.76
43,24.0
44,39.81
45,22.84
46,13.97
47,14.6
48,45.48
49,21.16
50,22.38
51,17.02
52,28.19
53,19.53
54,37.22
55,16.21
56,16.33
57,13.72
58,16.42
59,17.38
60,23.77
61,24.08
62,22.11
63,12.24
64,25.54
65,16.13
66,12.96
67,37.57
68,43.01
69,13.17
70,14.86
71,14.85
72,26.71
73,13.28
74,12.03
75,28.45
76,18.13
77,20.88
78,16.8
79,29.23
80,25.36
81,27.0
82,22.65
83,39.7
84,19.22
85,17.64
86,32.44
87,32.08
88,16.4
89,18.87
90,19.15
91,31.61
92,18.03
93,15.54
94,13.43
95,18.64
96,37.14
97,26.67
98,44.63
99,20.29
100,16.73
101,25.95
102,19.7
103,16.92
104,20.23
105,16.05
106,30.39
107,18.37
108,8.99
109,27.82
110,14.63
111,18.73
112,14.25
113,32.02
114,15.42
115,24.19
116,7.87
117,15.99
118,18.27
119,22.56
120,30.02
121,45.7
122,17.07
123,18.39
124,20.18
125,24.3
126,13.52
127,15.88
128,27.76
129,19.53
130,11.47
131,51.96
132,16.79
133,18.47
134,27.67
135,11.34
136,21.41
137,24.0
138,26.17
139,19.44
140,14.62
141,13.7
142,25.26
143,55.74
144,13.84
145,12.52
146,19.72
147,17.22
148,12.37
149,31.08
150,19.73
151,19.49
152,16.97
153,23.63
154,17.75
155,20.56
156,27.34
157,13.43
158,39.37
159,13.64
160,19.25
161,14.32
162,15.69
163,13.85
164,19.7
165,26.55
166,39.04
167,23.26
168,12.83
169,17.52
170,16.8
171,9.68
172,18.2
173,23.4
174,21.58
175,32.01
176,19.18
177,15.16
178,17.94
179,20.27
180,25.74
181,20.31
182,22.45
183,34.87
184,23.83
185,17.72
186,14.67
187,28.05
188,17.53
189,18.83
190,16.79
191,33.38
192,16.24
193,14.83
194,10.21
195,15.68
196,25.72
197,31.41
198,12.37
199,22.66
200,30.86
201,25.05
202,21.9
203,16.08
204,24.6
205,15.06
206,18.03
207,20.2
208,21.43
209,27.87
210,26.35
211,14.38
212,16.62
213,17.44
214,66.04
215,16.32
216,12.28
217,15.23
218,34.63
219,20.0
220,19.31
221,18.13
222,61.79
223,19.13
224,18.25
225,19.56
226,26.54
227,32.1
228,16.55
229,32.69
230,19.53
231,33.33
232,24.5
233,23.32
234,21.78
235,21.28
236,33.68
237,16.98
238,16.09
239,21.52
240,36.27
241,15.27
242,15.8
243,20.08
244,30.01
245,16.23
246,64.21
247,23.59
248,18.93
249,36.71
250,20.25
251,20.67
252,43.37
253,14.53
254,15.25
255,13.78
256,43.09
257,17.46
258,12.69
259,16.25
260,25.36
261,30.54
262,18.21
263,15.49
264,57.52
265,24.04
266,11.62
267,20.32
268,17.31
269,16.07
270,28.7
271,34.62
272,13.98
273,24.36
274,19.52
275,28.45
276,24.71
277,12.6
278,24.54
279,30.19
280,23.46
281,22.48
282,36.04
283,22.51
284,12.89
285,15.92
286,12.44
287,63.27
288,28.92
289,15.19
290,30.33
291,39.07
292,64.3
293,22.07
294,16.9
295,20.54
296,17.5
297,25.05
298,14.89
299,33.56
300,16.71
301,30.13
302,28.49
303,24.11
304,29.31
305,18.57
306,30.92
307,24.87
308,19.85
309,15.32
310,17.93
311,12.91
312,27.86
313,11.83
314,17.03
315,18.22
316,17.07
317,19.76
318,26.3
319,16.91
320,22.28
321,31.44
322,32.54
323,31.42
324,16.6
325,27.32
326,21.3
327,14.6
328,31.86
329,21.19
330,63.99
331,9.27
332,39.2
333,30.58
334,13.92
335,14.51
336,29.25
337,18.55
338,16.01
339,14.98
340,21.84
341,24.08
342,29.54
343,17.36
344,12.49
345,36.97
346,9.17
347,29.7
348,26.28
349,19.3
350,36.28
351,16.21
352,28.51
353,36.38
354,27.93
355,17.92
356,40.67
357,23.98
358,28.87
359,17.95
360,15.62
361,25.74
362,20.79
363,35.27
364,20.55
365,15.58
366,41.84
367,16.77
368,22.12
369,16.45
370,26.99
371,17.4
372,16.35
373,26.79
374,40.37
375,21.21
376,42.31
377,69.02
378,13.42
379,23.1
380,24.34
381,30.67
382,22.6
383,24.78
384,30.55
385,29.54
386,12.3
387,17.04
388,31.47
389,67.57
390,18.49
391,16.0
392,10.2
393,17.6
394,35.61
395,19.07
396,26.11
397,29.94
398,13.55
399,20.18
400,28.3
401,16.49
402,15.65
403,27.31
404,36.02
405,15.55
406,9.04
407,18.04
408,15.68
409,24.88
410,14.88
411,14.57
412,12.66
413,16.58
414,35.93
415,19.41
416,12.92
417,11.97
418,21.83
419,13.82
420,14.65
421,21.58
422,13.63
423,28.83
424,17.53
425,18.75
426,34.61
427,13.54
428,17.57
429,15.31
430,13.58
431,12.21
432,32.02
433,17.29
434,24.66
435,18.19
436,32.08
437,29.01
438,12.25
439,14.0
440,37.86
441,17.73
442,32.08
443,18.87
444,26.11
445,12.92
446,20.09
447,22.5
448,20.48
449,27.63
450,26.35
451,15.49
452,24.97
453,24.41
454,20.53
455,29.52
456,17.83
457,20.97
458,20.05
459,13.24
460,12.88
461,22.55
462,14.78
463,18.8
464,35.05
465,17.26
466,32.97
467,27.27
468,15.9
469,17.05
470,18.96
471,19.01
472,16.38
473,18.39
474,24.29
475,24.85
476,16.36
477,19.42
478,25.27
479,39.43
480,14.41
481,13.14
482,20.47
483,26.3
484,23.35
485,15.55
486,9.82
487,34.77
488,18.11
489,16.11
490,22.16
491,15.37
492,27.54
493,20.37
494,21.95
495,15.37
496,16.64
497,28.31
498,34.19
499,23.58
500,22.66
501,29.53
502,43.42
503,17.33
504,16.09
505,18.85
506,24.09
507,51.28
508,17.36
509,15.4
510,19.32
511,18.73
512,28.17
513,21.1
514,21.52
515,17.1
516,31.67
517,13.07
518,40.2
519,13.53
520,12.08
521,14.75
522,45.27
523,25.64
524,18.77
525,24.48
526,24.92
527,19.56
528,20.39
529,23.08
530,25.01
531,45.34
532,25.68
533,33.39
534,36.7
535,19.68
536,29.34
537,21.72
538,61.49
539,27.95
540,25.02
541,31.34
542,32.9
543,12.16
544,33.8
545,41.73
546,23.27
547,22.02
548,31.0
549,57.18
550,32.06
551,15.48
552,19.55
553,34.83
554,17.61
555,14.1
556,13.57
557,18.98
558,14.96
559,25.0
560,33.95
561,26.55
562,15.26
563,25.7
564,13.82
565,47.5
566,32.32
567,41.4
568,13.15
569,22.81
570,33.36
571,10.71
572,67.62
573,31.23
574,14.73
575,14.28
576,12.6
577,25.02
578,17.04
579,12.45
580,21.57
581,23.06
582,16.19
583,22.16
584,14.41
585,31.96
586,29.14
587,13.91
588,18.7
589,22.38
590,17.0
591,23.0
592,20.62
593,34.49
594,17.44
595,28.61
596,27.49
597,12.8
598,13.82
599,16.77
600,14.63
601,20.81
602,13.37
603,31.73
604,61.44
605,13.74
606,27.16
607,28.78
608,14.38
609,28.41
610,18.77
611,40.3
612,43.11
613,28.31
614,67.08
615,28.06
616,12.37
617,15.45
618,20.08
619,19.28
620,12.41
621,14.43
622,29.3
623,19.44
624,26.41
625,20.71
626,53.52
627,22.52
628,28.12
629,31.94
630,40.86
631,25.65
632,15.37
633,23.79
634,37.55
635,16.58
636,23.6
637,15.38
638,18.75
639,17.03
640,17.3
641,16.23
642,15.43
643,15.27
644,45.17
645,23.29
646,19.96
647,32.0
648,22.98
649,45.29
650,15.79
651,31.68
652,23.18
653,13.68
654,13.31
655,15.73
656,45.35
657,17.69
658,32.47
659,23.78
660,17.9
661,22.51
662,18.71
663,18.01
664,12.63
665,15.65
666,18.38
667,18.34
668,15.25
669,21.01
670,13.93
671,13.82
672,22.43
673,30.48
674,19.29
675,14.52
676,24.43
677,12.43
678,24.66
679,15.93
680,29.53
681,31.65
682,19.49
683,37.45
684,16.62
685,16.28
686,12.74
687,46.58
688,32.32
689,28.1
690,23.76
691,20.44
692,44.46
693,20.1
694,14.52
695,13.33
696,19.34
697,17.28
698,12.46
699,18.98
700,26.3
701,16.13
702,25.33
703,18.34
704,16.18
705,39.78
706,17.59
707,20.6
708,31.92
709,17.72
710,15.33
711,19.05
712,13.25
713,23.5
714,60.46
715,16.47
716,26.31
717,12.95
718,16.21
719,33.71
720,5.32
721,30.25
722,19.44
723,12.32
724,41.19
725,14.44
726,15.68
727,41.56
728,35.35
729,17.8
730,33.57
731,42.38
732,46.28
733,17.76
734,14.45
735,8.16
736,15.48
737,15.7
738,23.94
739,13.94
740,27.41
741,49.4
742,12.29
743,39.6
744,26.3
745,24.31
746,18.76
747,66.04
748,17.83
749,36.56
750,18.23
751,16.19
752,17.83
753,17.65
754,19.08
755,13.56
756,17.86
757,16.98
758,29.27
759,27.51
760,14.66
761,20.57
762,16.51
763,44.68
764,15.44
765,13.86
766,25.42
767,13.79
768,13.92
769,15.89
770,20.38
771,21.64
772,15.97
773,21.71
774,18.83
775,13.97
776,13.45
777,46.47
778,22.85
779,18.61
780,24.94
781,13.7
782,34.14
783,37.73
784,15.46
785,21.44
786,27.02
787,30.35
788,18.41
789,15.49
790,26.95
791,17.06
792,29.97
793,17.48
794,25.05
795,24.97
796,26.04
797,12.28
798,26.16
799,13.67
800,46.68
801,12.78
802,24.14
803,12.22
804,26.83
805,14.97
806,32.8
807,18.78
808,19.67
809,14.88
810,13.86
811,13.55
812,40.61
813,14.53
814,12.94
815,23.56
816,19.07
817,18.88
818,13.91
819,22.94
820,13.31
821,24.88
822,63.22
823,29.3
824,28.03
825,16.19
826,35.43
827,13.3
828,35.92
829,29.77
830,20.89
831,27.51
832,16.05
833,19.59
834,18.85
835,35.7
836,16.59
837,10.97
838,18.7
839,11.49
840,14.63
841,18.81
842,16.03
843,40.04
844,19.14
845,17.08
846,17.63
847,24.58
848,8.83
849,24.73
850,27.6
851,24.02
852,26.11
853,16.91
854,18.42
855,65.9
856,16.23
857,21.19
858,18.52
859,19.19
860,38.43
861,14.18
862,14.18
863,24.79
864,13.72
865,21.69
866,31.18
867,39.18
868,66.44
869,25.72
870,22.02
871,23.36
872,35.59
873,15.8
874,21.07
875,18.85
876,20.41
877,14.37
878,29.43
879,15.0
880,28.39
881,31.16
882,23.96
883,24.23
884,28.08
885,19.08
886,17.47
887,38.33
888,16.07
889,32.78
890,21.77
891,18.79
892,15.72
893,18.02
894,21.45
895,26.86
896,17.59
897,23.69
898,24.84
899,20.44
900,14.35
901,18.34
902,32.74
903,21.99
904,36.39
905,30.06
906,19.2
907,14.97
908,27.62
909,19.23
910,25.6
911,24.9
912,19.83
913,43.53
914,14.57
915,19.69
916,33.26
917,17.71
918,23.04
919,39.17
920,34.31
921,17.09
922,10.07
923,13.17
924,23.73
925,21.82
926,42.33
927,22.31
928,62.82
929,14.02
930,17.37
931,43.92
932,25.81
933,19.31
934,34.23
935,22.86
936,14.44
937,12.52
938,27.34
939,50.54
940,15.69
941,18.23
942,31.16
943,14.8
944,16.62
945,39.56
946,25.59
947,38.63
948,16.56
949,13.12
950,17.16
951,29.18
952,18.39
953,29.53
954,16.84
955,25.08
956,17.4
957,21.88
958,24.35
959,17.23
960,31.67
961,14.6
962,25.53
963,25.38
964,41.34
965,15.97
966,17.59
967,24.58
968,16.5
969,13.16
970,20.0
971,17.36
972,28.37
973,29.32
974,23.44
975,19.75
976,16.23
977,24.76
978,8.58
979,18.54
980,38.96
981,25.13
982,18.6
983,13.0
984,21.97
985,16.37
986,16.13
987,8.4
988,18.62
989,37.25
990,34.75
991,19.4
992,18.06
993,17.95
994,14.12
995,48.27
996,16.1
997,23.94
998,22.48
999,15.94
1000,22.9
1001,17.14
1002,17.58
1003,17.85
1004,15.24
1005,19.98
1006,28.94
1007,16.51
1008,18.49
1009,26.32
1010,14.09
1011,14.09
1012,21.72
1013,13.83
1014,14.36
1015,13.32
1016,17.14
1017,13.88
1018,23.14
1019,18.27
1020,12.51
1021,26.97
1022,35.8
1023,29.26
1024,21.45
1025,37.04
1026,25.97
1027,23.79
1028,14.23
1029,12.74
1030,30.11
1031,20.37
1032,13.57
1033,14.98
1034,12.8
1035,23.56
1036,20.89
1037,25.66
1038,15.77
1039,25.09
1040,25.07
1041,17.09
1042,16.3
1043,17.42
1044,12.89
1045,35.35
1046,17.31
1047,18.46
1048,26.17
1049,16.44
1050,61.16
1051,13.58
1052,26.26
1053,11.14
1054,24.37
1055,16.42
1056,17.37
1057,17.52
1058,22.9
1059,16.4
1060,17.42
1061,28.41
1062,36.53
1063,20.13
1064,34.12
1065,14.59
1066,18.39
1067,22.23
1068,17.97
1069,19.3
1070,15.32
1071,23.33
1072,16.57
1073,11.55
1074,20.18
1075,13.61
1076,16.36
1077,22.76
1078,20.86
1079,32.22
1080,17.04
1081,16.75
1082,18.54
1083,14.6
1084,25.82
1085,16.55
1086,32.05
1087,21.27
1088,25.18
1089,25.67
1090,22.42
1091,35.69
1092,41.31
1093,20.9
1094,22.43
1095,20.54
1096,17.08
1097,13.94
1098,48.81
1099,25.74
1100,16.11
1101,26.49
1102,14.57
1103,14.92
1104,32.91
1105,12.82
1106,12.78
1107,15.61
1108,15.16
1109,15.47
1110,20.02
1111,29.64
1112,14.82
1113,11.91
1114,16.8
1115,25.04
1116,13.58
1117,13.66
1118,24.82
1119,13.48
1120,28.36
1121,17.19
1122,17.79
1123,14.28
1124,10.71
1125,12.82
1126,17.95
1127,15.24
1128,29.84
1129,25.65
1130,26.9
1131,17.54
1132,13.04
1133,15.19
1134,15.3
1135,35.13
1136,12.07
1137,38.52
1138,31.32
1139,23.5
1140,16.61
1141,14.96
1142,19.04
1143,16.07
1144,35.97
1145,16.96
1146,17.96
1147,39.67
1148,18.47
1149,13.28
1150,14.15
1151,41.24
1152,13.24
1153,23.73
1154,25.95
1155,9.74
1156,22.57
1157,15.71
1158,13.56
1159,22.34
1160,16.63
1161,21.21
1162,28.05
1163,17.15
1164,16.62
1165,18.36
1166,32.88
1167,29.8
1168,42.55
1169,16.67
1170,11.82
1171,14.7
1172,18.06
1173,19.36
1174,15.1
1175,20.33
1176,24.87
1177,35.13
1178,12.82
1179,19.99
1180,18.83
1181,16.33
1182,12.78
1183,15.27
1184,16.41
1185,23.46
1186,14.45
1187,22.05
1188,33.38
1189,20.17
1190,19.58
1191,22.21
1192,18.75
1193,8.92
1194,28.09
1195,36.24
1196,27.62
1197,16.07
1198,18.0
1199,39.64
1200,32.57
1201,14.46
1202,22.67
1203,31.14
1204,14.31
1205,18.56
1206,34.13
1207,20.68
1208,27.61
1209,32.79
1210,16.28
1211,20.38
1212,15.14
1213,24.53
1214,32.69
1215,17.98
1216,28.16
1217,17.29
1218,16.45
1219,15.25
1220,24.32
1221,27.6
1222,14.36
1223,26.82
1224,21.95
1225,14.82
1226,17.11
1227,30.31
1228,17.25
1229,17.11
1230,19.14
1231,24.07
1232,46.86
1233,11.42
1234,31.98
1235,19.33
1236,24.74
1237,25.29
1238,30.52
1239,31.42
1240,18.25
1241,22.13
1242,28.37
1243,38.83
1244,18.59
1245,26.86
1246,14.65
1247,20.26
1248,30.9
1249,31.83
1250,17.18
1251,29.06
1252,17.86
1253,14.53
1254,10.2
1255,16.14
1256,21.75
1257,23.7
1258,20.62
1259,14.72
1260,21.92
1261,23.49
1262,13.62
1263,45.0
1264,35.69
1265,46.15
1266,30.89
1267,41.18
1268,24.75
1269,25.44
1270,13.52
1271,27.14
1272,30.45
1273,14.04
1274,15.37
1275,33.17
1276,13.21
1277,16.18
1278,23.03
1279,21.09
1280,13.99
1281,38.53
1282,24.59
1283,18.72
1284,15.3
1285,19.29
1286,23.77
1287,26.28
1288,24.9
1289,15.71
1290,35.82
1291,10.64
1292,13.41
1293,27.5
1294,29.2
1295,19.02
1296,18.74
1297,23.02
1298,26.35
1299,32.51
1300,22.82
1301,22.71
1302,26.43
1303,16.05
1304,14.98
1305,16.14
1306,17.18
1307,10.75
1308,21.88
1309,32.43
1310,18.02
1311,18.83
1312,30.36
1313,13.51
1314,45.49
1315,53.92
1316,13.3
1317,27.36
1318,17.49
1319,16.67
1320,28.32
1321,37.84
1322,13.85
1323,25.38
1324,65.04
1325,21.38
1326,16.34
1327,9.52
1328,12.84
1329,15.69
1330,41.68
1331,17.76
1332,7.93
1333,21.35
1334,16.58
1335,29.88
1336,22.05
1337,15.27
1338,25.06
1339,13.17
1340,13.26
1341,22.61
1342,17.09
1343,17.09
1344,26.86
1345,14.04
1346,32.89
1347,26.63
1348,23.75
1349,14.96
1350,26.22
1351,19.5
1352,16.66
1353,22.33
1354,18.34
1355,17.3
1356,31.38
1357,10.33
1358,24.58
1359,14.95
1360,12.6
1361,20.74
1362,22.22
1363,24.44
1364,29.64
1365,17.64
1366,12.3
1367,20.29
1368,17.26
1369,9.36
1370,15.66
1371,17.6
1372,25.99
1373,25.43
1374,47.63
1375,18.83
1376,11.18
1377,15.31
1378,70.77
1379,26.53
1380,13.21
1381,23.2
1382,15.49
1383,25.65
1384,43.77
1385,18.01
1386,16.7
1387,25.34
1388,28.36
1389,14.44
1390,15.64
1391,44.57
1392,20.48
1393,18.16
1394,31.15
1395,28.42
1396,10.65
1397,16.48
1398,13.37
1399,19.01
1400,24.62
1401,24.31
1402,31.21
1403,15.82
1404,10.93
1405,15.22
1406,20.53
1407,26.42
1408,24.67
1409,18.33
1410,17.61
1411,32.63
1412,60.2
1413,14.24
1414,14.68
1415,19.52
1416,13.63
1417,22.54
1418,46.07
1419,20.35
1420,21.22
1421,16.42
1422,27.41
1423,23.4
1424,13.03
1425,38.37
1426,35.37
1427,17.5
1428,51.82
1429,22.82
1430,16.29
1431,24.26
1432,68.67
1433,16.46
1434,27.18
1435,15.14
1436,28.65
1437,28.97
1438,24.37
1439,25.31
1440,16.63
1441,18.14
1442,12.93
1443,25.75
1444,15.71
1445,18.53
1446,23.62
1447,44.13
1448,22.75
1449,44.58
1450,15.34
1451,17.43
1452,15.39
1453,16.87
1454,22.72
1455,13.9
1456,14.51
1457,14.28
1458,15.98
1459,53.62
1460,16.98
1461,36.33
1462,33.41
1463,23.95
1464,19.02
1465,17.63
1466,44.94
1467,25.27
1468,45.47
1469,14.81
1470,42.78
1471,15.77
1472,12.14
1473,34.41
1474,19.98
1475,12.61
1476,19.57
1477,24.47
1478,15.76
1479,15.77
1480,17.46
1481,28.36
1482,13.12
1483,37.78
1484,15.98
1485,53.45
1486,14.97
1487,16.68
1488,18.23
1489,14.29
1490,30.65
1491,18.75
1492,22.52
1493,15.27
1494,16.44
1495,17.02
1496,21.15
1497,13.33
1498,42.28
1499,22.1
1500,26.24
1501,21.38
1502,28.37
1503,21.16
1504,15.04
1505,16.83
1506,15.74
1507,15.62
1508,67.87
1509,19.48
1510,16.38
1511,16.93
1512,23.39
1513,19.16
1514,23.9
1515,33.13
1516,13.59
1517,14.17
1518,27.88
1519,13.57
1520,17.7
1521,22.62
1522,33.92
1523,23.52
1524,27.48
1525,14.51
1526,28.57
1527,19.2
1528,15.75
1529,14.25
1530,14.93
1531,14.14
1532,43.01
1533,18.09
1534,26.65
1535,16.66
1536,27.82
1537,44.54
1538,16.04
1539,33.37
1540,15.42
1541,18.62
1542,36.75
1543,30.98
1544,13.54
1545,16.85
1546,21.28
1547,44.18
1548,19.59
1549,20.76
1550,15.76
1551,24.11
1552,17.56
1553,28.04
1554,18.64
1555,10.48
1556,19.49
1557,27.71
1558,17.62
1559,14.99
1560,25.65
1561,15.09
1562,25.28
1563,18.38
1564,19.51
1565,14.66
1566,46.61
1567,34.38
1568,15.17
1569,25.33
1570,17.3
1571,20.36
1572,36.29
1573,21.09
1574,12.49
1575,38.87
1576,24.01
1577,14.26
1578,30.39
1579,40.81
1580,26.89
1581,14.38
1582,28.23
1583,21.93
1584,17.24
1585,26.41
1586,19.22
1587,20.41
1588,15.0
1589,24.69
1590,29.56
1591,18.11
1592,16.44
1593,24.46
1594,50.43
1595,12.91
1596,20.15
1597,14.37
1598,18.59
1599,23.9
1600,14.54
1601,33.51
1602,19.68
1603,32.2
1604,15.33
1605,21.09
1606,40.54
1607,43.9
1608,16.12
1609,34.59
1610,26.94
1611,19.8
1612,14.54
1613,19.0
1614,26.14
1615,27.75
1616,56.98
1617,30.41
1618,21.54
1619,19.62
1620,17.99
1621,17.13
1622,24.94
1623,16.58
1624,18.2
1625,24.39
1626,24.23
1627,16.09
1628,23.08
1629,23.43
1630,30.59
1631,21.86
1632,43.46
1633,13.07
1634,51.57
1635,37.05
1636,46.58
1637,59.1
1638,22.06
1639,15.49
1640,17.68
1641,16.05
1642,10.08
1643,17.63
1644,15.86
1645,17.8
1646,16.97
1647,11.97
1648,13.62
1649,21.6
1650,33.71
1651,15.83
1652,31.26
1653,28.28
1654,20.52
1655,30.86
1656,13.23
1657,19.68
1658,36.51
1659,29.8
1660,32.77
1661,37.74
1662,30.57
1663,25.14
1664,33.74
1665,24.02
1666,14.79
1667,21.37
1668,18.52
1669,14.67
1670,16.26
1671,17.77
1672,24.15
1673,17.24
1674,34.31
1675,25.88
1676,9.65
1677,21.18
1678,46.16
1679,24.86
1680,17.59
1681,20.25
1682,26.24
1683,17.61
1684,16.57
1685,18.83
1686,12.77
1687,15.49
1688,17.0
1689,11.18
1690,23.54
1691,39.76
1692,39.39
1693,11.17
1694,25.93
1695,16.22
1696,16.43
1697,65.97
1698,13.52
1699,17.18
1700,12.2
1701,15.56
1702,13.79
1703,29.1
1704,15.25
1705,22.31
1706,19.24
1707,23.35
1708,12.4
1709,29.6
1710,26.99
1711,35.92
1712,16.41
1713,23.47
1714,13.5
1715,25.49
1716,21.21
1717,20.39
1718,35.66
1719,24.98
1720,27.18
1721,21.91
1722,30.36
1723,8.8
1724,36.54
1725,15.39
1726,15.7
1727,12.82
1728,14.59
1729,23.32
1730,47.75
1731,25.03
1732,24.38
1733,15.85
1734,20.36
1735,16.59
1736,23.84
1737,12.65
1738,67.23
1739,36.24
1740,14.85
1741,20.32
1742,18.29
1743,15.82
1744,14.99
1745,25.66
1746,30.31
1747,18.06
1748,14.42
1749,40.82
1750,11.75
1751,45.21
1752,17.8
1753,19.15
1754,24.31
1755,32.73
1756,14.35
1757,17.7
1758,21.43
1759,29.64
1760,29.27
1761,32.55
1762,15.74
1763,19.31
1764,17.8
1765,11.69
1766,33.17
1767,42.99
1768,33.18
1769,19.68
1770,62.37
1771,24.25
1772,40.12
1773,22.33
1774,18.77
1775,30.23
1776,26.66
1777,16.98
1778,35.05
1779,9.85
1780,11.85
1781,30.79
1782,17.22
1783,20.24
1784,12.68
1785,12.94
1786,14.99
1787,24.62
1788,14.81
1789,39.4
1790,20.03
1791,48.75
1792,16.79
1793,63.04
1794,27.57
1795,22.77
1796,22.62
1797,15.51
1798,17.14
1799,18.57
1800,32.39
1801,41.51
1802,14.71
1803,18.61
1804,29.62
1805,18.72
1806,21.7
1807,16.2
1808,56.47
1809,33.65
1810,25.74
1811,27.6
1812,29.82
1813,17.76
1814,28.73
1815,26.3
1816,24.99
1817,13.61
1818,22.78
1819,24.39
1820,20.12
1821,14.32
1822,17.1
1823,17.85
1824,25.42
1825,20.62
1826,23.49
1827,23.81
1828,14.85
1829,16.49
1830,22.97
1831,22.12
1832,16.48
1833,25.54
1834,11.44
1835,31.14
1836,25.26
1837,16.69
1838,20.48
1839,31.04
1840,29.86
1841,17.89
1842,13.17
1843,56.03
1844,16.12
1845,13.47
1846,24.21
1847,16.42
1848,27.82
1849,33.31
1850,24.52
1851,27.5
1852,13.19
1853,16.14
1854,18.7
1855,17.75
1856,19.17
1857,14.06
1858,17.67
1859,17.97
1860,14.04
1861,19.37
1862,37.72
1863,36.31
1864,20.69
1865,24.97
1866,15.45
1867,20.39
1868,24.9
1869,18.38
1870,44.41
1871,44.62
1872,14.47
1873,19.52
1874,17.46
1875,45.92
1876,22.93
1877,28.97
1878,33.67
1879,23.23
1880,14.2
1881,29.03
1882,16.97
1883,16.63
1884,16.9
1885,31.46
1886,17.09
1887,22.37
1888,21.32
1889,11.59
1890,15.51
1891,17.07
1892,16.56
1893,24.02
1894,25.67
1895,19.85
1896,25.75
1897,62.25
1898,16.09
1899,15.67
1900,13.67
1901,14.71
1902,12.52
1903,18.47
1904,9.49
1905,31.96
1906,16.76
1907,18.63
1908,19.76
1909,40.94
1910,15.72
1911,13.12
1912,20.48
1913,13.42
1914,12.78
1915,15.4
1916,44.85
1917,27.41
1918,17.69
1919,15.32
1920,40.35
1921,18.55
1922,65.27
1923,25.33
1924,19.32
1925,16.13
1926,23.24
1927,33.41
1928,26.67
1929,32.18
1930,14.7
1931,16.78
1932,34.07
1933,11.14
1934,35.36
1935,27.21
1936,19.05
1937,12.99
1938,17.12
1939,12.95
1940,45.97
1941,8.72
1942,23.6
1943,14.86
1944,19.48
1945,14.41
1946,18.18
1947,15.0
1948,44.3
1949,19.37
1950,26.63
1951,17.82
1952,18.26
1953,25.36
1954,26.27
1955,33.31
1956,39.47
1957,18.66
1958,16.31
1959,24.65
1960,22.24
1961,27.25
1962,12.72
1963,11.01
1964,16.4
1965,33.21
1966,29.58
1967,25.07
1968,17.68
1969,14.66
1970,62.92
1971,29.06
1972,13.9
1973,51.71
1974,17.05
1975,14.4
1976,14.8
1977,16.8
1978,25.5
1979,16.32
1980,15.61
1981,13.44
1982,25.35
1983,18.96
1984,28.27
1985,31.51
1986,25.96
1987,27.52
1988,40.34
1989,17.58
1990,21.8
1991,15.66
1992,19.36
1993,13.89
1994,22.24
1995,17.37
1996,15.41
1997,20.16
1998,44.28
1999,25.85
2000,55.48
2001,13.27
2002,31.47
2003,41.3
2004,16.42
2005,27.34
2006,26.86
2007,22.0
2008,12.15
2009,16.88
2010,24.09
2011,17.63
2012,16.35
2013,10.48
2014,11.81
2015,17.61
2016,17.3
2017,16.21
2018,27.58
2019,42.36
2020,18.84
2021,25.2
2022,24.53
2023,17.92
2024,22.91
2025,17.3
2026,13.89
2027,38.78
2028,21.64
2029,52.5
2030,27.19
2031,24.82
2032,15.1
2033,25.31
2034,14.88
2035,14.62
2036,15.79
2037,19.41
2038,24.22
2039,15.31
2040,16.84
2041,21.08
2042,41.63
2043,30.04
2044,48.68
2045,15.9
2046,15.13
2047,24.38
2048,18.62
2049,24.99
2050,25.84
2051,19.21
2052,15.05
2053,18.18
2054,26.37
2055,33.88
2056,14.97
2057,20.06
2058,17.36
2059,17.21
2060,15.91
2061,22.04
2062,21.94
2063,24.57
2064,30.38
2065,41.25
2066,24.57
2067,19.19
2068,46.6
2069,18.01
2070,38.66
2071,17.07
2072,19.41
2073,23.25
2074,27.5
2075,15.49
2076,17.35
2077,13.5
2078,9.35
2079,15.97
2080,23.27
2081,11.33
2082,18.15
2083,15.02
2084,17.71
2085,14.19
2086,28.44
2087,19.98
2088,20.49
2089,26.48
2090,15.17
2091,13.84
2092,11.41
2093,38.34
2094,45.6
2095,20.88
2096,22.76
2097,26.84
2098,16.11
2099,26.4
2100,31.0
2101,19.93
2102,18.84
2103,37.83
2104,26.65
2105,13.37
2106,16.83
2107,43.05
2108,22.85
2109,17.46
2110,22.3
2111,29.33
2112,23.63
2113,33.54
2114,17.93
2115,17.09
2116,22.12
2117,15.95
2118,21.5
2119,14.38
2120,32.87
2121,16.18
2122,53.45
2123,38.88
2124,38.08
2125,15.91
2126,15.21
2127,42.44
2128,32.3
2129,15.87
2130,31.4
2131,19.4
2132,19.83
2133,29.37
2134,24.29
2135,29.78
2136,21.56
2137,16.09
2138,24.9
2139,17.6
2140,28.1
2141,44.75
2142,19.09
2143,20.45
2144,25.29
2145,26.61
2146,27.22
2147,14.3
2148,14.69
2149,42.08
2150,14.15
2151,34.48
2152,16.26
2153,31.27
2154,7.13
2155,16.21
2156,17.22
2157,28.18
2158,23.89
2159,18.04
2160,10.32
2161,24.04
2162,15.47
2163,16.32
2164,25.27
2165,35.92
2166,12.58
2167,41.03
2168,13.42
2169,26.75
2170,35.02
2171,12.94
2172,16.23
2173,19.02
2174,23.46
2175,32.34
2176,17.43
2177,18.17
2178,41.19
2179,27.82
2180,20.34
2181,20.57
2182,37.75
2183,14.51
2184,14.93
2185,10.76
2186,38.51
2187,24.27
2188,24.74
2189,29.57
2190,15.66
2191,15.08
2192,23.46
2193,36.0
2194,39.57
2195,16.53
2196,17.7
2197,20.03
2198,25.97
2199,23.68
2200,34.52
2201,45.09
2202,57.3
2203,16.61
2204,19.44
2205,18.69
2206,24.16
2207,13.1
2208,16.12
2209,11.0
2210,25.4
2211,12.71
2212,35.02
2213,24.52
2214,32.64
2215,35.07
2216,11.23
2217,22.37
2218,11.9
2219,21.25
2220,36.1
2221,14.77
2222,17.18
2223,20.31
2224,22.31
2225,26.95
2226,15.97
2227,17.17
2228,31.76
2229,37.54
2230,13.94
2231,21.12
2232,15.11
2233,18.52
2234,15.4
2235,43.07
2236,44.27
2237,20.14
2238,17.56
2239,16.75
2240,16.55
2241,19.01
2242,15.42
2243,17.95
2244,13.89
2245,12.85
2246,15.22
2247,21.25
2248,65.67
2249,16.6
2250,31.45
2251,15.32
2252,27.77
2253,18.21
2254,19.5
2255,28.91
2256,25.47
2257,15.72
2258,13.21
2259,32.45
2260,22.98
2261,20.34
2262,38.68
2263,26.5
2264,31.75
2265,13.23
2266,9.73
2267,41.45
2268,12.91
2269,25.66
2270,28.94
2271,32.98
2272,23.78
2273,38.89
2274,14.43
2275,14.07
2276,26.73
2277,32.64
2278,33.81
2279,20.58
2280,14.73
2281,14.05
2282,13.75
2283,25.21
2284,15.36
2285,25.58
2286,16.74
2287,21.55
2288,16.35
2289,26.55
2290,17.16
2291,14.9
2292,13.4
2293,24.09
2294,25.62
2295,29.24
2296,12.95
2297,14.38
2298,22.79
2299,21.33
2300,24.93
2301,26.2
2302,32.68
2303,48.15
2304,47.56
2305,16.81
2306,15.68
2307,22.63
2308,21.71
2309,18.26
2310,16.36
2311,17.52
2312,14.34
2313,21.25
2314,8.97
2315,13.22
2316,40.25
2317,15.15
2318,17.15
2319,18.21
2320,41.38
2321,26.91
2322,29.59
2323,19.13
2324,24.12
2325,68.28
2326,41.45
2327,16.93
2328,15.33
2329,27.16
2330,18.27
2331,16.25
2332,26.6
2333,18.12
2334,17.0
2335,16.96
2336,18.77
2337,12.67
2338,69.35
2339,12.61
2340,37.08
2341,16.1
2342,18.75
2343,20.87
2344,17.99
2345,15.4
2346,22.6
2347,32.36
2348,49.3
2349,67.6
2350,16.67
2351,32.62
2352,16.88
2353,15.61
2354,16.43
2355,48.05
2356,26.51
2357,14.69
2358,29.61
2359,26.09
2360,17.25
2361,68.8
2362,17.26
2363,41.0
2364,20.74
2365,15.77
2366,19.35
2367,24.11
2368,14.84
2369,25.86
2370,20.46
2371,19.7
2372,15.53
2373,18.92
2374,47.08
2375,15.21
2376,14.42
2377,18.74
2378,23.58
2379,12.9
2380,15.81
2381,26.71
2382,23.37
2383,26.32
2384,17.05
2385,27.01
2386,34.16
2387,25.79
2388,14.16
2389,20.81
2390,30.02
2391,12.07
2392,24.73
2393,15.4
2394,19.31
2395,20.33
2396,24.03
2397,19.97
2398,21.73
2399,26.57
2400,9.09
2401,59.77
2402,15.17
2403,15.74
2404,15.14
2405,29.53
2406,12.47
2407,18.31
2408,21.51
2409,54.41
2410,16.98
2411,18.31
2412,17.35
2413,45.44
2414,45.84
2415,37.39
2416,24.02
2417,15.33
2418,22.91
2419,13.01
2420,15.94
2421,35.77
2422,13.35
2423,11.82
2424,18.65
2425,36.51
2426,17.48
2427,24.49
2428,31.58
2429,30.17
2430,14.04
2431,15.61
2432,28.04
2433,17.2
2434,22.72
2435,20.46
2436,10.09
2437,25.94
2438,37.71
2439,28.48
2440,22.35
2441,11.95
2442,33.19
2443,17.09
2444,46.54
2445,17.47
2446,31.87
2447,17.43
2448,15.08
2449,14.86
2450,30.02
2451,33.15
2452,11.83
2453,18.69
2454,18.33
2455,23.84
2456,25.32
2457,23.95
2458,28.96
2459,19.89
2460,20.3
2461,20.49
2462,14.34
2463,14.61
2464,14.44
2465,13.03
2466,25.31
2467,30.77
2468,18.08
2469,15.2
2470,37.44
2471,15.65
2472,16.15
2473,26.51
2474,17.96
2475,13.96
2476,37.01
2477,46.12
2478,7.2
2479,23.22
2480,24.42
2481,22.51
2482,42.78
2483,14.3
2484,39.4
2485,20.94
2486,31.94
2487,16.36
2488,13.15
2489,15.7
2490,14.31
2491,15.53
2492,14.38
2493,28.38
2494,24.07
2495,23.77
2496,16.4
2497,22.12
2498,24.0
2499,15.98
2500,23.42
2501,20.92
2502,40.47
2503,13.58
2504,41.48
2505,32.94
2506,16.1
2507,28.03
2508,22.56
2509,29.46
2510,15.38
2511,24.94
2512,17.83
2513,15.61
2514,43.58
2515,26.56
2516,23.69
2517,28.75
2518,28.39
2519,26.09
2520,16.08
2521,21.33
2522,22.02
2523,17.51
2524,18.01
2525,18.38
2526,26.65
2527,18.14
2528,19.68
2529,16.77
2530,17.38
2531,14.85
2532,20.7
2533,15.15
2534,24.88
2535,38.53
2536,14.82
2537,15.89
2538,30.5
2539,28.02
2540,62.01
2541,34.71
2542,57.25
2543,17.9
2544,22.56
2545,29.92
2546,43.5
2547,13.11
2548,14.21
2549,17.3
2550,27.56
2551,45.5
2552,65.4
2553,15.47
2554,17.08
2555,22.82
2556,35.97
2557,14.86
2558,26.49
2559,14.25
2560,24.68
2561,24.19
2562,18.13
2563,14.17
2564,14.91
2565,13.08
2566,33.35
2567,21.56
2568,36.19
2569,17.31
2570,47.26
2571,17.65
2572,27.66
2573,16.37
2574,29.21
2575,18.16
2576,21.9
2577,33.07
2578,26.84
2579,46.52
2580,17.08
2581,16.25
2582,18.68
2583,20.95
2584,12.28
2585,60.25
2586,30.19
2587,29.62
2588,19.36
2589,17.22
2590,29.02
2591,29.96
2592,28.86
2593,68.45
2594,14.05
2595,23.07
2596,17.48
2597,12.95
2598,12.96
2599,28.02
2600,13.89
2601,16.61
2602,12.79
2603,24.88
2604,19.28
2605,32.87
2606,30.94
2607,15.95
2608,15.11
2609,41.28
2610,17.12
2611,18.29
2612,17.85
2613,30.8
2614,14.93
2615,12.7
2616,20.07
2617,67.31
2618,16.18
2619,38.3
2620,12.42
2621,18.3
2622,16.83
2623,18.98
2624,18.12
2625,17.44
2626,14.18
2627,16.71
2628,16.81
2629,41.11
2630,19.01
2631,18.12
2632,29.12
2633,14.8
2634,9.54
2635,30.26
2636,44.01
2637,20.28
2638,19.37
2639,34.74
2640,21.82
2641,37.62
2642,15.17
2643,23.38
2644,56.68
2645,24.68
2646,20.33
2647,24.34
2648,36.69
2649,18.93
2650,36.02
2651,16.95
2652,10.62
2653,19.6
2654,22.4
2655,16.22
2656,14.21
2657,36.48
2658,19.36
2659,27.35
2660,36.2
2661,31.45
2662,17.83
2663,20.72
2664,13.04
2665,16.58
2666,16.89
2667,13.95
2668,16.89
2669,27.02
2670,10.25
2671,15.87
2672,17.82
2673,20.64
2674,16.47
2675,24.54
2676,16.73
2677,16.37
2678,29.2
2679,39.41
2680,25.25
2681,16.15
2682,59.06
2683,14.96
2684,30.67
2685,14.32
2686,32.61
2687,13.85
2688,18.23
2689,47.97
2690,17.03
2691,16.11
2692,15.51
2693,28.26
2694,16.13
2695,18.41
2696,57.22
2697,42.14
2698,33.91
2699,49.72
2700,10.34
2701,23.64
2702,17.74
2703,27.15
2704,17.88
2705,11.84
2706,15.74
2707,19.01
2708,23.66
2709,27.6
2710,30.67
2711,16.0
2712,23.33
2713,24.58
2714,17.58
2715,18.37
2716,14.55
2717,14.23
2718,42.48
2719,20.33
2720,9.94
2721,16.14
2722,19.49
2723,15.93
2724,15.36
2725,18.28
2726,14.47
2727,16.75
2728,34.36
2729,14.58
2730,15.94
2731,11.68
2732,24.42
2733,14.94
2734,45.14
2735,21.82
2736,12.97
2737,22.08
2738,16.41
2739,15.21
2740,21.69
2741,28.58
2742,17.22
2743,54.81
2744,26.1
2745,14.15
2746,29.26
2747,15.81
2748,14.69
2749,46.28
2750,23.64
2751,16.95
2752,16.56
2753,17.35
2754,47.82
2755,14.25
2756,61.42
2757,26.81
2758,14.11
2759,17.48
2760,13.8
2761,36.0
2762,15.38
2763,16.17
2764,14.07
2765,19.48
2766,44.03
2767,15.61
2768,9.48
2769,15.85
2770,13.52
2771,28.81
2772,8.67
2773,22.4
2774,34.61
2775,14.03
2776,28.17
2777,26.21
2778,24.72
2779,14.87
2780,29.07
2781,26.99
2782,40.8
2783,29.82
2784,18.33
2785,17.93
2786,25.13
2787,14.28
2788,24.39
2789,27.32
2790,17.99
2791,19.52
2792,18.05
2793,15.86
2794,17.95
2795,30.64
2796,30.28
2797,27.08
2798,34.49
2799,23.68
2800,23.35
2801,26.92
2802,40.89
2803,29.07
2804,22.43
2805,32.07
2806,17.87
2807,14.31
2808,16.37
2809,16.82
2810,16.31
2811,28.6
2812,17.11
2813,18.23
2814,23.53
2815,40.43
2816,17.43
2817,16.25
2818,13.5
2819,18.12
2820,62.73
2821,30.96
2822,16.35
2823,16.51
2824,11.7
2825,17.59
2826,14.32
2827,15.31
2828,15.71
2829,13.23
2830,18.01
2831,25.3
2832,16.61
2833,31.12
2834,37.06
2835,14.38
2836,27.47
2837,17.27
2838,30.2
2839,15.73
2840,37.17
2841,13.17
2842,18.36
2843,48.81
2844,30.85
2845,35.27
2846,16.81
2847,12.28
2848,27.62
2849,18.58
2850,39.7
2851,16.85
2852,31.47
2853,15.79
2854,16.44
2855,16.03
2856,14.34
2857,25.17
2858,12.98
2859,50.3
2860,17.0
2861,15.78
2862,16.94
2863,9.57
2864,15.67
2865,18.43
2866,11.24
2867,40.2
2868,16.77
2869,15.18
2870,31.84
2871,18.65
2872,23.02
2873,15.54
2874,22.96
2875,14.34
2876,14.54
2877,16.04
2878,33.4
2879,19.98
2880,13.12
2881,40.91
2882,17.14
2883,11.77
2884,14.68
2885,14.34
2886,15.22
2887,38.58
2888,28.55
2889,19.31
2890,12.51
2891,25.27
2892,14.11
2893,15.59
2894,13.92
2895,32.38
2896,17.51
2897,46.92
2898,25.9
2899,18.06
2900,28.86
2901,22.9
2902,17.58
2903,12.14
2904,15.7
2905,18.06
2906,44.91
2907,31.02
2908,38.64
2909,23.84
2910,18.64
2911,30.99
2912,26.68
2913,62.83
2914,25.44
2915,16.17
2916,12.56
2917,30.86
2918,21.5
2919,36.25
2920,11.04
2921,43.4
2922,11.18
2923,12.08
2924,16.69
2925,20.74
2926,18.29
2927,12.46
2928,21.19
2929,13.93
2930,31.12
2931,26.08
2932,18.33
2933,19.84
2934,16.67
2935,17.52
2936,21.42
2937,15.85
2938,14.89
2939,16.37
2940,32.86
2941,39.62
2942,28.92
2943,43.11
2944,20.17
2945,22.9
2946,26.35
2947,23.12
2948,15.35
2949,15.84
2950,17.77
2951,17.75
2952,30.86
2953,30.83
2954,14.29
2955,29.78
2956,17.0
2957,14.04
2958,17.78
2959,19.04
2960,31.45
2961,23.81
2962,41.69
2963,41.17
2964,39.72
2965,18.72
2966,15.35
2967,18.92
2968,20.59
2969,45.11
2970,15.75
2971,51.0
2972,18.91
2973,14.23
2974,17.01
2975,22.84
2976,35.69
2977,13.58
2978,19.16
2979,10.95
2980,15.65
2981,18.28
2982,25.18
2983,22.89
2984,12.49
2985,25.68
2986,16.77
2987,17.45
2988,22.46
2989,47.11
2990,16.14
2991,29.0
2992,26.75
2993,27.64
2994,16.6
2995,45.65
2996,29.85
2997,15.09
2998,13.41
2999,16.03
3000,40.26
3001,31.23
3002,24.94
3003,17.5
3004,37.22
3005,13.89
3006,14.56
3007,16.03
3008,18.1
3009,16.47
3010,37.53
3011,16.02
3012,15.73
3013,21.1
3014,13.73
3015,60.5
3016,29.84
3017,25.79
3018,14.99
3019,12.27
3020,35.25
3021,15.89
3022,15.64
3023,30.65
3024,11.2
3025,36.58
3026,13.95
3027,18.7
3028,64.54
3029,28.0
3030,16.0
3031,17.5
3032,37.97
3033,14.28
3034,31.17
3035,21.26
3036,22.86
3037,12.37
3038,15.45
3039,13.7
3040,20.07
3041,47.5
3042,28.17
3043,14.34
3044,15.62
3045,14.57
3046,18.77
3047,25.24
3048,12.57
3049,23.26
3050,20.41
3051,18.25
3052,13.49
3053,20.16
3054,16.69
3055,17.06
3056,17.48
3057,23.46
3058,23.68
3059,16.15
3060,27.12
3061,17.15
3062,15.23
3063,54.59
3064,15.49
3065,25.17
3066,20.18
3067,19.31
3068,15.02
3069,16.6
3070,61.86
3071,20.98
3072,18.8
3073,13.61
3074,22.01
3075,15.6
3076,33.53
3077,11.96
3078,14.08
3079,16.91
3080,45.44
3081,22.4
3082,17.28
3083,19.44
3084,13.75
3085,12.35
3086,24.86
3087,31.33
3088,14.87
3089,25.85
3090,15.82
3091,15.87
3092,22.15
3093,28.32
3094,41.79
3095,38.79
3096,13.37
3097,16.86
3098,25.48
3099,28.28
3100,37.92
3101,25.57
3102,13.96
3103,14.18
3104,15.82
3105,25.27
3106,22.49
3107,24.04
3108,15.86
3109,22.37
3110,14.19
3111,23.34
3112,13.71
3113,12.22
3114,16.68
3115,16.21
3116,22.21
3117,14.81
3118,19.13
3119,23.86
3120,17.27
3121,20.31
3122,18.16
3123,29.94
3124,17.52
3125,40.7
3126,12.75
3127,10.73
3128,36.96
3129,45.96
3130,22.28
3131,13.97
3132,67.34
3133,23.86
3134,16.52
3135,14.32
3136,13.53
3137,14.79
3138,30.69
3139,39.5
3140,49.27
3141,33.16
3142,26.41
3143,14.3
3144,30.48
3145,56.18
3146,11.84
3147,13.48
3148,37.92
3149,31.33
3150,65.67
3151,27.63
3152,31.86
3153,15.31
3154,17.44
3155,38.88
3156,18.34
3157,17.25
3158,15.92
3159,21.28
3160,26.15
3161,65.41
3162,16.84
3163,16.9
3164,18.52
3165,39.27
3166,18.45
3167,12.95
3168,18.89
3169,23.21
3170,17.19
3171,14.16
3172,24.88
3173,25.82
3174,13.29
3175,13.11
3176,18.64
3177,12.55
3178,16.36
3179,26.96
3180,15.66
3181,38.31
3182,14.58
3183,16.37
3184,22.37
3185,31.78
3186,13.98
3187,33.51
3188,16.24
3189,28.07
3190,15.01
3191,17.5
3192,16.2
3193,23.43
3194,15.43
3195,24.5
3196,36.35
3197,13.45
3198,15.61
3199,13.43
3200,16.61
3201,31.02
3202,29.05
3203,19.43
3204,16.17
3205,19.23
3206,24.89
3207,10.55
3208,42.07
3209,46.0
3210,26.34
3211,16.96
3212,26.0
3213,28.97
3214,18.9
3215,17.02
3216,15.25
3217,22.83
3218,11.96
3219,60.92
3220,24.94
3221,29.71
3222,14.95
3223,16.69
3224,13.2
3225,30.56
3226,18.81
3227,37.97
3228,18.24
3229,21.32
3230,18.02
3231,42.54
3232,9.73
3233,63.78
3234,20.09
3235,17.08
3236,22.83
3237,20.74
3238,34.94
3239,37.1
3240,21.42
3241,23.56
3242,34.38
3243,37.8
3244,20.42
3245,17.08
3246,45.0
3247,31.9
3248,13.52
3249,14.03
3250,33.13
3251,27.5
3252,24.45
3253,39.96
3254,13.1
3255,15.8
3256,64.24
3257,37.82
3258,18.86
3259,24.63
3260,47.77
3261,60.28
3262,15.16
3263,25.83
3264,39.32
3265,32.75
3266,25.2
3267,31.51
3268,19.46
3269,16.96
3270,36.72
3271,41.29
3272,15.0
3273,14.65
3274,17.98
3275,15.65
3276,28.27
3277,12.34
3278,12.64
3279,35.11
3280,14.76
3281,14.76
3282,41.03
3283,12.88
3284,20.91
3285,13.63
3286,15.87
3287,16.86
3288,25.93
3289,20.06
3290,12.11
3291,13.28
3292,16.06
3293,26.28
3294,14.05
3295,40.39
3296,17.89
3297,30.84
3298,34.8
3299,31.41
3300,11.24
3301,16.12
3302,25.41
3303,23.51
3304,19.56
3305,23.77
3306,25.25
3307,18.35
3308,15.39
3309,13.42
3310,14.07
3311,19.28
3312,35.16
3313,23.36
3314,16.52
3315,16.1
3316,35.3
3317,46.31
3318,13.58
3319,47.03
3320,28.29
3321,16.91
3322,43.41
3323,34.78
3324,23.63
3325,9.89
3326,16.25
3327,16.62
3328,16.67
3329,38.58
3330,15.06
3331,31.9
3332,19.3
3333,31.53
3334,30.44
3335,21.16
3336,22.65
3337,17.62
3338,41.3
3339,25.61
3340,20.34
3341,17.73
3342,12.15
3343,30.55
3344,31.49
3345,26.02
3346,17.05
3347,44.13
3348,16.96
3349,11.83
3350,39.95
3351,30.82
3352,23.55
3353,17.53
3354,15.24
3355,64.15
3356,46.8
3357,23.34
3358,64.12
3359,28.19
3360,31.22
3361,58.63
3362,16.79
3363,17.69
3364,14.01
3365,29.49
3366,25.28
3367,14.13
3368,14.45
3369,27.06
3370,26.43
3371,15.92
3372,19.68
3373,13.53
3374,27.61
3375,23.73
3376,24.18
3377,18.09
3378,35.92
3379,17.85
3380,20.58
3381,13.38
3382,10.94
3383,25.51
3384,17.8
3385,25.29
3386,15.76
3387,12.15
3388,17.7
3389,15.52
3390,22.47
3391,21.61
3392,14.57
3393,29.41
3394,15.96
3395,17.56
3396,38.6
3397,25.18
3398,15.02
3399,14.98
3400,29.57
3401,19.43
3402,16.74
3403,36.95
3404,40.65
3405,14.64
3406,20.74
3407,26.55
3408,16.96
3409,25.89
3410,27.63
3411,18.2
3412,11.99
3413,15.22
3414,31.64
3415,17.16
3416,40.35
3417,15.89
3418,12.07
3419,24.72
3420,12.19
3421,17.62
3422,15.56
3423,14.74
3424,25.71
3425,17.16
3426,11.26
3427,11.47
3428,21.83
3429,24.85
3430,16.42
3431,22.57
3432,19.7
3433,24.83
3434,11.87
3435,14.25
3436,26.42
3437,18.97
3438,21.47
3439,10.69
3440,18.81
3441,12.59
3442,46.81
3443,37.73
3444,21.89
3445,27.34
3446,10.16
3447,18.31
3448,16.7
3449,19.25
3450,17.38
3451,17.68
3452,23.23
3453,14.75
3454,53.09
3455,26.86
3456,16.79
3457,14.94
3458,22.35
3459,33.16
3460,14.48
3461,10.89
3462,16.32
3463,15.45
3464,17.71
3465,12.3
3466,16.8
3467,27.7
3468,25.65
3469,21.64
3470,11.91
3471,31.12
3472,36.27
3473,13.39
3474,17.29
3475,17.08
3476,43.3
3477,16.36
3478,22.06
3479,21.9
3480,30.55
3481,23.52
3482,15.67
3483,16.9
3484,16.64
3485,16.2
3486,12.57
3487,16.91
3488,22.01
3489,28.03
3490,14.51
3491,37.79
3492,19.03
3493,19.6
3494,28.21
3495,32.86
3496,49.81
3497,21.26
3498,18.14
3499,15.68
3500,22.86
3501,30.84
3502,49.97
3503,17.0
3504,18.59
3505,14.49
3506,16.69
3507,16.04
3508,24.56
3509,16.38
3510,23.38
3511,42.2
3512,12.21
3513,23.58
3514,16.87
3515,27.72
3516,14.86
3517,18.85
3518,46.28
3519,18.64
3520,26.89
3521,27.49
3522,21.68
3523,30.54
3524,16.06
3525,35.63
3526,28.62
3527,14.14
3528,22.59
3529,44.8
3530,23.63
3531,12.75
3532,21.36
3533,40.0
3534,22.26
3535,28.38
3536,14.03
3537,38.14
3538,17.26
3539,25.54
3540,62.29
3541,19.24
3542,21.82
3543,17.41
3544,20.49
3545,23.38
3546,13.95
3547,16.51
3548,19.51
3549,14.96
3550,13.61
3551,24.32
3552,17.21
3553,10.34
3554,21.94
3555,19.59
3556,13.91
3557,17.37
3558,13.69
3559,61.11
3560,17.97
3561,15.76
3562,12.79
3563,12.37
3564,16.28
3565,41.82
3566,21.76
3567,24.0
3568,15.7
3569,13.45
3570,17.82
3571,14.99
3572,38.06
3573,25.08
3574,16.77
3575,35.63
3576,18.18
3577,17.97
3578,40.89
3579,12.41
3580,24.95
3581,26.76
3582,11.78
3583,16.45
3584,19.85
3585,17.34
3586,19.43
3587,23.37
3588,25.62
3589,12.06
3590,13.72
3591,25.47
3592,26.19
3593,17.03
3594,69.56
3595,27.03
3596,15.57
3597,19.6
3598,23.82
3599,13.49
3600,64.68
3601,17.27
3602,15.57
3603,12.87
3604,17.34
3605,23.48
3606,13.7
3607,54.76
3608,16.52
3609,27.18
3610,30.33
3611,16.09
3612,16.36
3613,39.06
3614,20.51
3615,14.21
3616,20.7
3617,15.55
3618,28.32
3619,32.59
3620,42.65
3621,47.18
3622,24.48
3623,22.38
3624,33.24
3625,29.66
3626,38.82
3627,17.1
3628,25.29
3629,23.16
3630,17.76
3631,15.13
3632,12.05
3633,18.55
3634,12.25
3635,23.41
3636,16.87
3637,9.59
3638,13.81
3639,12.08
3640,16.0
3641,28.41
3642,25.13
3643,29.44
3644,50.06
3645,26.32
3646,35.16
3647,12.81
3648,31.89
3649,14.78
3650,22.12
3651,36.17
3652,15.16
3653,15.05
3654,11.87
3655,34.78
3656,15.83
3657,15.25
3658,19.76
3659,13.54
3660,27.34
3661,37.2
3662,10.98
3663,25.74
3664,19.57
3665,30.55
3666,13.43
3667,35.79
3668,14.32
3669,13.34
3670,13.85
3671,18.89
3672,16.49
3673,17.81
3674,33.19
3675,23.35
3676,20.2
3677,36.39
3678,23.63
3679,18.04
3680,15.08
3681,41.18
3682,22.49
3683,39.0
3684,18.51
3685,18.23
3686,18.46
3687,48.92
3688,19.89
3689,36.28
3690,16.08
3691,33.0
3692,11.01
3693,24.7
3694,13.99
3695,34.1
3696,23.11
3697,15.61
3698,32.38
3699,13.09
3700,34.13
3701,20.59
3702,11.28
3703,67.94
3704,17.46
3705,15.18
3706,36.4
3707,30.51
3708,26.44
3709,32.36
3710,17.86
3711,12.77
3712,28.34
3713,16.78
3714,31.74
3715,24.58
3716,19.31
3717,17.88
3718,14.69
3719,14.05
3720,29.58
3721,15.59
3722,15.11
3723,15.27
3724,15.42
3725,13.32
3726,16.56
3727,28.41
3728,35.97
3729,12.15
3730,31.83
3731,56.84
3732,15.15
3733,27.06
3734,39.99
3735,26.01
3736,23.34
3737,16.2
3738,15.87
3739,33.88
3740,14.83
3741,17.55
3742,24.48
3743,14.93
3744,23.41
3745,44.32
3746,39.08
3747,14.18
3748,13.54
3749,24.48
3750,18.83
3751,24.49
3752,18.39
3753,13.8
3754,30.0
3755,14.65
3756,14.1
3757,17.34
3758,6.37
3759,12.79
3760,29.36
3761,22.51
3762,15.73
3763,33.1
3764,39.84
3765,22.34
3766,14.82
3767,5.47
3768,25.03
3769,18.19
3770,41.88
3771,14.79
3772,15.05
3773,14.61
3774,15.91
3775,19.69
3776,38.96
3777,22.8
3778,28.22
3779,15.67
3780,23.3
3781,34.07
3782,15.66
3783,18.19
3784,21.14
3785,12.36
3786,14.38
3787,46.47
3788,22.31
3789,17.84
3790,27.6
3791,14.75
3792,17.0
3793,19.45
3794,16.82
3795,13.39
3796,20.55
3797,34.56
3798,18.9
3799,39.21
3800,29.0
3801,16.67
3802,18.27
3803,15.44
3804,14.86
3805,24.57
3806,35.91
3807,13.32
3808,17.65
3809,23.22
3810,26.8
3811,15.45
3812,35.95
3813,30.09
3814,22.49
3815,41.43
3816,23.28
3817,42.0
3818,34.79
3819,15.37
3820,29.39
3821,19.68
3822,22.2
3823,14.88
3824,16.85
3825,14.72
3826,17.22
3827,17.35
3828,13.72
3829,16.91
3830,24.62
3831,23.52
3832,29.32
3833,17.47
3834,16.46
3835,15.7
3836,12.68
3837,15.24
3838,27.84
3839,18.6
3840,17.97
3841,30.74
3842,16.03
3843,16.0
3844,25.94
3845,21.78
3846,36.78
3847,14.65
3848,16.54
3849,16.14
3850,15.32
3851,17.6
3852,19.21
3853,25.48
3854,24.83
3855,64.36
3856,21.94
3857,26.34
3858,17.49
3859,37.17
3860,21.8
3861,12.42
3862,14.31
3863,13.52
3864,23.84
3865,28.34
3866,14.67
3867,39.95
3868,32.5
3869,17.89
3870,13.57
3871,14.76
3872,17.62
3873,32.95
3874,16.24
3875,13.73
3876,13.79
3877,28.1
3878,10.9
3879,32.73
3880,27.36
3881,19.79
3882,21.78
3883,16.25
3884,15.92
3885,22.14
3886,19.52
3887,31.63
3888,17.47
3889,12.21
3890,17.81
3891,13.95
3892,23.38
3893,29.76
3894,59.65
3895,17.63
3896,35.11
3897,22.02
3898,22.57
3899,28.98
3900,31.85
3901,13.75
3902,26.19
3903,19.15
3904,12.49
3905,19.22
3906,27.85
3907,12.66
3908,44.56
3909,18.87
3910,14.74
3911,34.27
3912,26.56
3913,17.43
3914,11.69
3915,17.18
3916,14.45
3917,14.3
3918,9.19
3919,42.07
3920,23.53
3921,21.3
3922,19.65
3923,13.47
3924,16.44
3925,17.03
3926,51.1
3927,38.51
3928,29.96
3929,17.52
3930,36.12
3931,11.72
3932,31.41
3933,18.67
3934,30.59
3935,12.73
3936,16.67
3937,12.69
3938,16.22
3939,20.74
3940,18.72
3941,15.31
3942,17.6
3943,64.02
3944,17.55
3945,24.99
3946,13.11
3947,67.58
3948,19.31
3949,13.34
3950,47.82
3951,23.33
3952,34.38
3953,16.46
3954,16.04
3955,62.97
3956,37.15
3957,62.24
3958,31.84
3959,23.0
3960,32.33
3961,19.68
3962,13.55
3963,27.3
3964,17.61
3965,14.31
3966,28.27
3967,16.39
3968,34.17
3969,23.48
3970,13.67
3971,15.56
3972,23.77
3973,19.49
3974,16.14
3975,13.88
3976,19.94
3977,14.03
3978,24.6
3979,15.35
3980,22.46
3981,14.13
3982,15.88
3983,44.18
3984,24.79
3985,13.81
3986,16.33
3987,16.73
3988,15.61
3989,25.11
3990,16.26
3991,15.86
3992,15.67
3993,17.28
3994,56.19
3995,32.27
3996,15.28
3997,29.71
3998,17.4
3999,24.56
4000,17.83
4001,12.46
4002,17.01
4003,14.6
4004,11.82
4005,24.27
4006,28.68
4007,44.9
4008,25.76
4009,44.56
4010,46.44
4011,43.71
4012,26.1
4013,20.27
4014,43.96
4015,14.58
4016,16.32
4017,19.03
4018,21.19
4019,17.98
4020,25.76
4021,16.44
4022,37.16
4023,14.94
4024,23.23
4025,14.7
4026,14.2
4027,21.29
4028,35.28
4029,16.44
4030,15.45
4031,10.88
4032,61.47
4033,18.18
4034,42.54
4035,59.13
4036,24.74
4037,12.88
4038,17.46
4039,19.79
4040,24.12
4041,14.59
4042,11.65
4043,36.01
4044,29.06
4045,17.29
4046,25.88
4047,29.29
4048,29.11
4049,16.2
4050,17.6
4051,17.43
4052,17.2
4053,18.89
4054,12.19
4055,18.73
4056,13.77
4057,13.76
4058,34.14
4059,13.15
4060,24.83
4061,21.05
4062,46.29
4063,37.64
4064,27.56
4065,15.31
4066,37.38
4067,29.89
4068,17.94
4069,21.99
4070,38.12
4071,28.29
4072,19.78
4073,25.64
4074,36.55
4075,36.2
4076,17.73
4077,12.66
4078,18.08
4079,13.43
4080,35.72
4081,25.67
4082,14.86
4083,15.11
4084,16.0
4085,18.79
4086,14.38
4087,25.88
4088,14.25
4089,17.76
4090,14.52
4091,18.43
4092,24.13
4093,26.79
4094,45.26
4095,11.83
4096,24.38
4097,14.47
4098,13.87
4099,17.4
4100,40.69
4101,13.8
4102,12.49
4103,25.12
4104,16.7
4105,33.91
4106,24.27
4107,16.87
4108,17.85
4109,25.3
4110,17.79
4111,36.5
4112,64.59
4113,16.14
4114,13.12
4115,34.08
4116,44.54
4117,11.13
4118,19.86
4119,28.65
4120,18.76
4121,16.53
4122,31.57
4123,32.59
4124,45.73
4125,14.79
4126,30.73
4127,30.6
4128,25.09
4129,53.63
4130,27.74
4131,15.07
4132,28.74
4133,13.3
4134,25.24
4135,29.39
4136,31.48
4137,30.27
4138,13.26
4139,30.28
4140,16.4
4141,23.75
4142,14.75
4143,33.72
4144,16.73
4145,28.42
4146,29.77
4147,21.24
4148,16.41
4149,17.36
4150,61.19
4151,47.74
4152,33.45
4153,21.55
4154,35.89
4155,46.02
4156,12.16
4157,12.08
4158,26.32
4159,23.43
4160,34.85
4161,28.45
4162,14.93
4163,44.45
4164,24.93
4165,33.69
4166,15.32
4167,13.97
4168,34.66
4169,23.64
4170,14.62
4171,21.09
4172,15.89
4173,14.91
4174,15.42
4175,17.37
4176,27.38
4177,17.18
4178,14.29
4179,36.51
4180,17.15
4181,34.99
4182,36.35
4183,26.05
4184,15.36
4185,15.03
4186,17.8
4187,23.85
4188,21.6
4189,32.31
4190,18.32
4191,15.34
4192,41.11
4193,27.0
4194,13.73
4195,27.17
4196,11.63
4197,16.51
4198,16.36
4199,61.74
4200,19.91
4201,14.89
4202,15.86
4203,16.96
4204,13.72
4205,18.66
4206,64.47
4207,15.53
4208,23.28
4209,27.72
4210,24.96
4211,19.44
4212,25.06
4213,25.53
4214,15.26
4215,12.86
4216,16.85
4217,49.56
4218,17.13
4219,28.08
4220,23.36
4221,25.72
4222,19.8
4223,24.73
4224,18.3
4225,20.35
4226,27.76
4227,23.85
4228,16.38
4229,15.25
4230,17.29
